<NotepadPlus>
    <UserLang name="FMP" ext="fmp fmp4" udlVersion="2.1">
        <Settings>
            <Global caseIgnored="yes" allowFoldOfComments="no" foldCompact="no" forcePureLC="0" decimalSeparator="0" />
            <Prefix Keywords1="no" Keywords2="no" Keywords3="no" Keywords4="no" Keywords5="no" Keywords6="no" Keywords7="no" Keywords8="no" />
        </Settings>
        <KeywordLists>
            <Keywords name="Comments">00# 01 02 03 04</Keywords>
            <Keywords name="Numbers, prefix1"></Keywords>
            <Keywords name="Numbers, prefix2"></Keywords>
            <Keywords name="Numbers, extras1"></Keywords>
            <Keywords name="Numbers, extras2"></Keywords>
            <Keywords name="Numbers, suffix1">.</Keywords>
            <Keywords name="Numbers, suffix2"></Keywords>
            <Keywords name="Numbers, range">D+ D- D E+ E- E</Keywords>
            <Keywords name="Operators1">[ ] { } ,</Keywords>
            <Keywords name="Operators2"></Keywords>
            <Keywords name="Folders in code1, open"></Keywords>
            <Keywords name="Folders in code1, middle"></Keywords>
            <Keywords name="Folders in code1, close"></Keywords>
            <Keywords name="Folders in code2, open">BEGIN&#x000D;&#x000A;&#x000D;&#x000A;&apos;BEGIN GLOBAL&apos;&#x000D;&#x000A;&apos;BEGIN GLOBAL DIMENSION&apos;&#x000D;&#x000A;&apos;BEGIN DIMENSION&apos;&#x000D;&#x000A;&#x000D;&#x000A;&apos;BEGIN WBS&apos;&#x000D;&#x000A;&apos;BEGIN WATER_BALANCE&apos;&#x000D;&#x000A;&apos;BEGIN WATER_BALANCE_SUBREGION&apos;&#x000D;&#x000A;&apos;BEGIN WATER BALANCE SUBREGION&apos;&#x000D;&#x000A;&#x000D;&#x000A;&apos;BEGIN ALLOTMENT&apos;&#x000D;&#x000A;&apos;BEGIN ALLOTMENTS&apos;&#x000D;&#x000A;&#x000D;&#x000A;&apos;BEGIN SOIL&apos;&#x000D;&#x000A;&#x000D;&#x000A;&apos;BEGIN CROP&apos;&#x000D;&#x000A;&apos;BEGIN LAND_USE&apos;&#x000D;&#x000A;&apos;BEGIN LAND USE&apos;&#x000D;&#x000A;&#x000D;&#x000A;&apos;BEGIN CLIMATE&apos;&#x000D;&#x000A;&#x000D;&#x000A;&apos;BEGIN SUPPLY_WELL&apos;&#x000D;&#x000A;&apos;BEGIN SUPPLY WELL&apos;&#x000D;&#x000A;&apos;BEGIN FMP_WELL&apos;&#x000D;&#x000A;&#x000D;&#x000A;&apos;BEGIN SURFACEWATER&apos;&#x000D;&#x000A;&apos;BEGIN SURFACE_WATER&apos;&#x000D;&#x000A;&#x000D;&#x000A;&apos;BEGIN OPTIONS&apos;&#x000D;&#x000A;&apos;BEGIN OPTION&apos;&#x000D;&#x000A;&#x000D;&#x000A;&apos;BEGIN OUTPUT&apos;&#x000D;&#x000A;&#x000D;&#x000A;&apos;BEGIN SALINITY&apos;&#x000D;&#x000A;&apos;BEGIN SALINITY_FLUSH_IRRIGATION&apos;&#x000D;&#x000A;&apos;BEGIN SALINITY FLUSH IRRIGATION&apos;</Keywords>
            <Keywords name="Folders in code2, middle"></Keywords>
            <Keywords name="Folders in code2, close">END&#x000D;&#x000A;&quot;END GLOBAL&quot;&#x000D;&#x000A;&quot;END GLOBAL DIMENSION&quot;&#x000D;&#x000A;&quot;END DIMENSION&quot;&#x000D;&#x000A;&quot;END WBS&quot;&#x000D;&#x000A;&quot;END WATER_BALANCE&quot;&#x000D;&#x000A;&quot;END WATER_BALANCE_SUBREGION&quot;&#x000D;&#x000A;&quot;END ALLOTMENT&quot;&#x000D;&#x000A;&quot;END ALLOTMENTS&quot;&#x000D;&#x000A;&quot;END SOIL&quot;&#x000D;&#x000A;&quot;END CROP&quot;&#x000D;&#x000A;&quot;END LAND_USE&quot;&#x000D;&#x000A;&quot;END CLIMATE&quot;&#x000D;&#x000A;&quot;END SUPPLY_WELL&quot;&#x000D;&#x000A;&quot;END FMP_WELL&quot;&#x000D;&#x000A;&quot;END SUPPLY_WELL&quot;&#x000D;&#x000A;&quot;END SWO&quot;&#x000D;&#x000A;&quot;END SURFACE_WATER_OPERATIONS&quot;&#x000D;&#x000A;&quot;END SURFACEWATER_OPERATIONS&quot;&#x000D;&#x000A;&quot;END SURFACEWATER&quot;&#x000D;&#x000A;&quot;END SURFACE_WATER&quot;&#x000D;&#x000A;&quot;END OPTIONS&quot;&#x000D;&#x000A;&quot;END OPTION&quot;&#x000D;&#x000A;&quot;END OUTPUT&quot;&#x000D;&#x000A;&quot;END SALINITY&quot;&#x000D;&#x000A;&quot;END SALINE&quot;&#x000D;&#x000A;&quot;END SALINITY_FLUSH_IRRIGATION&quot;</Keywords>
            <Keywords name="Folders in comment, open"></Keywords>
            <Keywords name="Folders in comment, middle"></Keywords>
            <Keywords name="Folders in comment, close"></Keywords>
            <Keywords name="Keywords1"></Keywords>
            <Keywords name="Keywords2">BLOCK_INCLUDE&#x000D;&#x000A;</Keywords>
            <Keywords name="Keywords3">PRINT&#x000D;&#x000A;&apos;PRINT BYFARM&apos;&#x000D;&#x000A;&apos;PRINT BYMNW&apos;&#x000D;&#x000A;&apos;PRINT BYMNW2&apos;&#x000D;&#x000A;&apos;PRINT BYWBS&apos;&#x000D;&#x000A;&apos;PRINT BYCROP&apos;&#x000D;&#x000A;&apos;PRINT BYFARMBYCROP&apos;&#x000D;&#x000A;&apos;PRINT BYFARM_BYCROP&apos;&#x000D;&#x000A;&apos;PRINT BYWBSBYCROP&apos;&#x000D;&#x000A;&apos;PRINT BYWBS_BYCROP&apos;&#x000D;&#x000A;&apos;PRINT ALL&apos;&#x000D;&#x000A;&apos;PRINT ALL_DETAIL&apos;&#x000D;&#x000A;&apos;PRINT INPUT&apos;&#x000D;&#x000A;&apos;PRINT BARE&apos;&#x000D;&#x000A;&apos;PRINT BYWELL&apos;&#x000D;&#x000A;&apos;PRINT SMOOTHING&apos;&#x000D;&#x000A;&apos;PRINT LIST&apos;&#x000D;&#x000A;&#x000D;&#x000A;TABFILES&#x000D;&#x000A;&#x000D;&#x000A;NROW&#x000D;&#x000A;NCOL&#x000D;&#x000A;NFARM&#x000D;&#x000A;NWBS&#x000D;&#x000A;NCROP&#x000D;&#x000A;NSOIL&#x000D;&#x000A;NIRRIGATE&#x000D;&#x000A;NRD_TYPES&#x000D;&#x000A;NRD_TYPE&#x000D;&#x000A;NSFR_RETURN &#x000D;&#x000A;NSFR_DELIV&#x000D;&#x000A;MXNRD&#x000D;&#x000A;NIRR&#x000D;&#x000A;NPROJ&#x000D;&#x000A;NDIST&#x000D;&#x000A;NUNIT&#x000D;&#x000A;UZF_LINK&#x000D;&#x000A;UZF&#x000D;&#x000A;UZFLINK&#x000D;&#x000A;SURFACE_ELEVATION&#x000D;&#x000A;GSE&#x000D;&#x000A;NCROP_SPECIFIED_ELEVATIONS&#x000D;&#x000A;SFR_NAME&#x000D;&#x000A;SFR_NAMES&#x000D;&#x000A;&#x000D;&#x000A;LOCATION&#x000D;&#x000A;DEFICIENCY&#x000D;&#x000A;DEFICIENCY_SCENARIO&#x000D;&#x000A;PRORATE&#x000D;&#x000A;PRORATE_DEFICIENCY&#x000D;&#x000A;HIERARCHY&#x000D;&#x000A;EFFICIENCY&#x000D;&#x000A;EFFICIENCY_IMPROVEMENT&#x000D;&#x000A;OFE&#x000D;&#x000A;FALLOW_RUNOFF_FRAC&#x000D;&#x000A;BARE_RUNOFF_FRAC&#x000D;&#x000A;BARE_RUNOFF_FRACTION&#x000D;&#x000A;ADDED_DEMAND_RUNOFF_SPLIT&#x000D;&#x000A;ADDED_CROP_DEMAND&#x000D;&#x000A;WATERSOURCE&#x000D;&#x000A;WATER_SOURCE&#x000D;&#x000A;WATER SOURCE&#x000D;&#x000A;BARE_PRECIPITATION_CONSUMPTION_FRACTION&#x000D;&#x000A;FARM_NAME&#x000D;&#x000A;WBS_NAME&#x000D;&#x000A;PROJ_NAME&#x000D;&#x000A;DIST_NAME&#x000D;&#x000A;UNIT_NAME&#x000D;&#x000A;&#x000D;&#x000A;&apos;BY_TIMESTEP WBS&apos;&#x000D;&#x000A;&apos;TIMESTEP WBS&apos;&#x000D;&#x000A;&apos;BYTIMESTEP WBS&apos;&#x000D;&#x000A;&apos;BY_TIMESTEP WATER_BALANCE_SUBREGION&apos;&#x000D;&#x000A;&apos;TIMESTEP WATER_BALANCE_SUBREGION &apos;&#x000D;&#x000A;&apos;BYTIMESTEP WATER_BALANCE_SUBREGION&apos;&#x000D;&#x000A;&apos;BY_TIMESTEP CROP&apos;&#x000D;&#x000A;&apos;TIMESTEP CROP&apos;&#x000D;&#x000A;&apos;BYTIMESTEP CROP&apos;&#x000D;&#x000A;&apos;BY_TIMESTEP LAND_USE&apos;&#x000D;&#x000A;&apos;TIMESTEP LAND_USE&apos;&#x000D;&#x000A;&apos;BYTIMESTEP LAND_USE&apos;&#x000D;&#x000A;&#x000D;&#x000A;&apos;BY_TIMESTEP CLIMATE&apos;&#x000D;&#x000A;&apos;TIMESTEP CLIMATE&apos;&#x000D;&#x000A;&apos;BYTIMESTEP CLIMATE&apos;&#x000D;&#x000A;&#x000D;&#x000A;SMOOTH&#x000D;&#x000A;QMAXRESET&#x000D;&#x000A;NO_QMAXRESET&#x000D;&#x000A;NOCIRNOQ&#x000D;&#x000A;INPUT_OPTION&#x000D;&#x000A;MNW_AUTOMATIC_ON&#x000D;&#x000A;MNW_AUTOMATIC_OFF&#x000D;&#x000A;MNW2_AUTOMATIC_ON&#x000D;&#x000A;MNW2_AUTOMATIC_OFF&#x000D;&#x000A;MNW_PUMP_SPREAD&#x000D;&#x000A;&apos;MNW_PUMP_SPREAD BY_COND&apos;&#x000D;&#x000A;&apos;MNW_PUMP_SPREAD BY_COUNT&apos;&#x000D;&#x000A;&apos;MNW_PUMP_SPREAD BY_TOP&apos;&#x000D;&#x000A;MNW2_PUMP_SPREAD&#x000D;&#x000A;&apos;MNW2_PUMP_SPREAD BY_COND&apos;&#x000D;&#x000A;&apos;MNW2_PUMP_SPREAD BY_COUNT&apos;&#x000D;&#x000A;&apos;MNW2_PUMP_SPREAD BY_TOP&apos;&#x000D;&#x000A;PRORATE_DEMAND&#x000D;&#x000A;&apos;PRORATE_DEMAND ByCapacity&apos;&#x000D;&#x000A;&apos;PRORATE_DEMAND ByAverage&apos;&#x000D;&#x000A;&#x000D;&#x000A;SOIL_ID&#x000D;&#x000A;SOILID&#x000D;&#x000A;SID&#x000D;&#x000A;CAPILLARY_FRINGE&#x000D;&#x000A;SURFACE_VERTICAL_HYDRAULIC_CONDUCTIVITY&#x000D;&#x000A;SURF_VK&#x000D;&#x000A;CAPILLARY&#x000D;&#x000A;COEFFICIENT&#x000D;&#x000A;EFFECTIVE_PRECIPITATION_TABLE&#x000D;&#x000A;&apos;EFFECTIVE_PRECIPITATION_TABLE BY_LENGTH&apos;&#x000D;&#x000A;&apos;EFFECTIVE_PRECIPITATION_TABLE BY_FRACTION&apos;&#x000D;&#x000A;REFERENCE_ET&#x000D;&#x000A;REFERENCE_ET_TO_BARE&#x000D;&#x000A;POTENTIAL_EVAPORATION_FALLOW&#x000D;&#x000A;POTENTIAL_EVAPORATION_BARE&#x000D;&#x000A;PRECIPITATION&#x000D;&#x000A;DIRECT_RECHARGE&#x000D;&#x000A;DIRECTRECHARGE&#x000D;&#x000A;PRECIPITATION_POTENTIAL_CONSUMPTION&#x000D;&#x000A;&apos;PRECIPITATION_POTENTIAL_CONSUMPTION BY_LENGTH&apos;&#x000D;&#x000A;&apos;PRECIPITATION_POTENTIAL_CONSUMPTION BY_FRACTION&apos;&#x000D;&#x000A;&apos;SURFACE_WATER HEIGHT&apos;&#x000D;&#x000A;&apos;SURFACE_WATER RATE&apos;&#x000D;&#x000A;&apos;SURFACE WATER HEIGHT&apos;&#x000D;&#x000A;&apos;SURFACE WATER RATE&apos;&#x000D;&#x000A;&#x000D;&#x000A;GROUNDWATER&#x000D;&#x000A;&#x000D;&#x000A;NAME&#x000D;&#x000A;CROP_NAME&#x000D;&#x000A;CROPSCAPE&#x000D;&#x000A;SINGLE_LAND_USE_PER_CELL&#x000D;&#x000A;MULTI_LAND_USE_PER_CELL&#x000D;&#x000A;MULTIPLE_LAND_USE_PER_CELL&#x000D;&#x000A;LAND_USE_AREA_FRACTION&#x000D;&#x000A;IRRIGATION&#x000D;&#x000A;ROOT&#x000D;&#x000A;ROOT_DEPTH&#x000D;&#x000A;ROOT_PRESSURE&#x000D;&#x000A;PRESSURE&#x000D;&#x000A;&apos;ROOT DEPTH&apos;&#x000D;&#x000A;CROP_COEFFICIENT&#x000D;&#x000A;CONSUMPTIVE_USE&#x000D;&#x000A;TRANSPIRATION_FRACTION&#x000D;&#x000A;FTR&#x000D;&#x000A;EVAPORATION_IRRIGATION_FRACTION&#x000D;&#x000A;FEI&#x000D;&#x000A;EVAPORATION_IRRIGATION_FRACTION_SUM_ONE_CORRECTION&#x000D;&#x000A;SURFACEWATER_LOSS_FRACTION_PRECIPITATION&#x000D;&#x000A;FIESWP&#x000D;&#x000A;SURFACEWATER_LOSS_FRACTION_IRRIGATION&#x000D;&#x000A;FIESWI&#x000D;&#x000A;&apos;SURFACEWATER_LOSS_FRACTION_IRRIGATION BY_IRRIGATION&apos;&#x000D;&#x000A;&apos;SURFACEWATER_LOSS_FRACTION_IRRIGATION BYIRRIGATION&apos;&#x000D;&#x000A;&apos;SURFACEWATER_LOSS_FRACTION_IRRIGATION BY_IRRIGATE&apos;&#x000D;&#x000A;&apos;SURFACEWATER_LOSS_FRACTION_IRRIGATION BYIRRIGATE&apos;&#x000D;&#x000A;&apos;SURFACEWATER_LOSS_FRACTION_IRRIGATION BY_CROP&apos;&#x000D;&#x000A;&apos;SURFACEWATER_LOSS_FRACTION_IRRIGATION BYCROP&apos;&#x000D;&#x000A;GW_ROOT&#x000D;&#x000A;GROUNDWATER_ROOT_INTERACTION&#x000D;&#x000A;POND_DEPTH&#x000D;&#x000A;ADDED_DEMAND&#x000D;&#x000A;MIN_BARE_FRACTION&#x000D;&#x000A;SPECIFY_PRINT_ALL_CROPS&#x000D;&#x000A;SPECIFY_PRINT_ALL_CROP&#x000D;&#x000A;CROPS_THAT_SPECIFY_SURFACE_ELEVATION&#x000D;&#x000A;CROP_SURFACE_ELEVATION&#x000D;&#x000A;CROP_SURFACE_ELEVATION_OFFSET&#x000D;&#x000A;RELAXATION_FACTOR_HEAD_CHANGE&#x000D;&#x000A;ZERO_CONSUMPTIVE_USE_BECOMES_BARE_SOIL&#x000D;&#x000A;MAX_ITERATION_CALCULATE_INITIAL_EVAPOTRANSPIRATION&#x000D;&#x000A;ITERATION_USE_AVERAGE_HEAD_FOR_EVAPOTRANSPIRATION&#x000D;&#x000A;&#x000D;&#x000A;&#x000D;&#x000A;&apos;TIME FRAME&apos;&#x000D;&#x000A;&apos;LINEFEED WBS&apos;&#x000D;&#x000A;&apos;LINEFEED FID&apos;&#x000D;&#x000A;&apos;LINEFEED CAPACITY&apos;&#x000D;&#x000A;&apos;LINEFEED QMAX&apos;&#x000D;&#x000A;&apos;LINEFEED QCAP&apos;&#x000D;&#x000A;TIME&#x000D;&#x000A;NOOPT&#x000D;&#x000A;NOPRINT&#x000D;&#x000A;RETURNFLOW&#x000D;&#x000A;NORETURNFLOW&#x000D;&#x000A;NO_RETURN_FLOW&#x000D;&#x000A;REBUILD_FULLY_ROUTED_RETURN&#x000D;&#x000A;WELLFIELD&#x000D;&#x000A;RECOMP_Q_BD&#x000D;&#x000A;MNWCLOSE&#x000D;&#x000A;&#x000D;&#x000A;&apos;PRINT OUTPUT_VARIABLE&apos;&#x000D;&#x000A;&apos;PRINT OUTPUT_VARIABLES&apos;&#x000D;&#x000A;&apos;PRINT S_TRANSCRIPT&apos;&#x000D;&#x000A;&apos;PRINT S_TRANSCRIPT STRESS_PERIOD&apos;&#x000D;&#x000A;&apos;PRINT S_TRANSCRIPT TIME_STEP&apos;&#x000D;&#x000A;&apos;PRINT S_TRANSCRIPT TIME_STEP_END&apos;&#x000D;&#x000A;&apos;PRINT S_TRANSCRIPT ITERATION&apos;&#x000D;&#x000A;&apos;PRINT S_TRANSCRIPT CLOSEOUT_COMMANDS&apos;&#x000D;&#x000A;&apos;PRINT S_TRANSCRIPT CLOSEOUT&apos;&#x000D;&#x000A;&apos;PRINT TRANSCRIPT&apos;&#x000D;&#x000A;&apos;PRINT TRANSCRIPT STRESS_PERIOD&apos;&#x000D;&#x000A;&apos;PRINT TRANSCRIPT TIME_STEP&apos;&#x000D;&#x000A;&apos;PRINT TRANSCRIPT TIME_STEP_END&apos;&#x000D;&#x000A;&apos;PRINT TRANSCRIPT ITERATION&apos;&#x000D;&#x000A;&apos;PRINT TRANSCRIPT CLOSEOUT_COMMANDS&apos;&#x000D;&#x000A;&apos;PRINT TRANSCRIPT CLOSEOUT&apos;&#x000D;&#x000A;NAUX_DEMAND&#x000D;&#x000A;NAUXDEM&#x000D;&#x000A;NEXTDEM&#x000D;&#x000A;ITERATION_THRESHOLDS&#x000D;&#x000A;ITERATION_THRESHOLD&#x000D;&#x000A;INTERNAL_ITERATIONS&#x000D;&#x000A;INTERNAL_ITERATION&#x000D;&#x000A;SWMXITER&#x000D;&#x000A;CONVERGENCE_CRITERIA&#x000D;&#x000A;SWMXCNVG&#x000D;&#x000A;WEIGHT_FACTOR&#x000D;&#x000A;WEIGHT_FACTORS&#x000D;&#x000A;WTFACTOR&#x000D;&#x000A;DISTRICT_ALLOTMENT_LIMIT&#x000D;&#x000A;ALLOTMENT_LIMIT&#x000D;&#x000A;SEGMENT_TYPE&#x000D;&#x000A;SFR_SEGMENT_TYPE&#x000D;&#x000A;SFR_SEG_TYPE&#x000D;&#x000A;UNIT_ACCOUNTING&#x000D;&#x000A;ACCOUNTING&#x000D;&#x000A;PROJECT_RESERVOIR_COUNT&#x000D;&#x000A;AUX_SFR_DELIVERY&#x000D;&#x000A;AUXILARY_SFR_DELIVERY&#x000D;&#x000A;DISTRICT_DELIVERY_FRACTION_TOLERANCE&#x000D;&#x000A;DIST_DELTOL&#x000D;&#x000A;SPLIT_RESERVOIR_NAME&#x000D;&#x000A;SPLIT_RESERVOIR_NAMES&#x000D;&#x000A;AREA_CAPACITY_TABLE&#x000D;&#x000A;ELEVATION_AREA_CAPACITY_TABLE&#x000D;&#x000A;HEAD_BOUNDARY_CELL&#x000D;&#x000A;HEAD_BOUNDARY_CELLS&#x000D;&#x000A;SPLIT_FRACTIONS&#x000D;&#x000A;ALLOCATION_BENEFICIARY_SPLIT&#x000D;&#x000A;&#x000D;&#x000A;RESERVOIR_INITIAL_STORAGE&#x000D;&#x000A;RESERVOIR_MAXIMUM_CAPACITY&#x000D;&#x000A;RESERVOIR_MAXIMUM_ELEVATION_CHANGE&#x000D;&#x000A;RESERVOIR_MAXIMUM_AREA&#x000D;&#x000A;RESERVOIR_MAXIMUM_RELEASE&#x000D;&#x000A;RESERVOIR_PRECIPITATION_AREA_FRACTION&#x000D;&#x000A;RESERVOIR_NAME&#x000D;&#x000A;RESERVOIR_RELEASE_SEGMENT&#x000D;&#x000A;&#x000D;&#x000A;RESERVOIR_SPLIT_FRACTIONS&#x000D;&#x000A;RESERVOIR_NAMES&#x000D;&#x000A;RESERVOIR_DEADPOOL_STORAGE&#x000D;&#x000A;RESERVOIR_DEAD_POOL_STORAGE&#x000D;&#x000A;RESERVOIR_SPILLWAY_STORAGE&#x000D;&#x000A;&#x000D;&#x000A;INITIAL_STORAGE&#x000D;&#x000A;MAXIMUM_CAPACITY&#x000D;&#x000A;MAXIMUM_ELEVATION_CHANGE&#x000D;&#x000A;MAXIMUM_AREA&#x000D;&#x000A;MAXIMUM_RELEASE&#x000D;&#x000A;PRECIPITATION_AREA_FRACTION&#x000D;&#x000A;NAME&#x000D;&#x000A;RELEASE_SEGMENT&#x000D;&#x000A;&#x000D;&#x000A;SPLIT_FRACTIONS&#x000D;&#x000A;NAMES&#x000D;&#x000A;DEADPOOL_STORAGE&#x000D;&#x000A;DEAD_POOL_STORAGE&#x000D;&#x000A;SPILLWAY_STORAGE&#x000D;&#x000A;RESERVOIR_SPILLWAY_PREFERENCE&#x000D;&#x000A;&#x000D;&#x000A;TIME_SERIES_RESERVOIR_INFLOW&#x000D;&#x000A;TIME_SERIES_RESERVOIR_PRECIPITATION&#x000D;&#x000A;TIME_SERIES_RESERVOIR_EVAPORATION&#x000D;&#x000A;TIME_SERIES_RESERVOIR_SPECIFIED_RELEASE&#x000D;&#x000A;TIME_SERIES_RESERVOIR_MINIMUM_STORAGE&#x000D;&#x000A;TIME_SERIES_INFLOW&#x000D;&#x000A;TIME_SERIES_PRECIPITATION&#x000D;&#x000A;TIME_SERIES_EVAPORATION&#x000D;&#x000A;TIME_SERIES_SPECIFIED_RELEASE&#x000D;&#x000A;TIME_SERIES_MINIMUM_STORAGE&#x000D;&#x000A;&#x000D;&#x000A;MAX_ELEV_CHANGE&#x000D;&#x000A;&#x000D;&#x000A;SPILLWAY_PREFERENCE&#x000D;&#x000A;SPILLWAY_DISCHARGE_TABLE&#x000D;&#x000A; &#x000D;&#x000A;RESERVOIR_SPILLWAY_DISCHARGE_TABLE&#x000D;&#x000A;RESERVOIR_RELEASE_DEMAND_FRACTION&#x000D;&#x000A;&apos;RESERVOIR_RELEASE_DEMAND_FRACTION EVEN_SPLIT&apos;&#x000D;&#x000A;&apos;RESERVOIR_RELEASE_DEMAND_FRACTION EVEN&apos;&#x000D;&#x000A;&apos;RESERVOIR_RELEASE_DEMAND_FRACTION BY_POTENTIAL_RELEASE&apos;&#x000D;&#x000A;&apos;RESERVOIR_RELEASE_DEMAND_FRACTION BY_STORAGE&apos;&#x000D;&#x000A;&apos;RESERVOIR_RELEASE_DEMAND_FRACTION BY_USABLE_STORAGE&apos;&#x000D;&#x000A;&#x000D;&#x000A;RESERVOIR_RELEASE_REQUIRED_FLOW_FRACTION&#x000D;&#x000A;&apos;RESERVOIR_RELEASE_REQUIRED_FLOW_FRACTION EVEN_SPLIT&apos;&#x000D;&#x000A;&apos;RESERVOIR_RELEASE_REQUIRED_FLOW_FRACTION EVEN&apos;&#x000D;&#x000A;&apos;RESERVOIR_RELEASE_REQUIRED_FLOW_FRACTION BY_POTENTIAL_RELEASE&apos;&#x000D;&#x000A;&apos;RESERVOIR_RELEASE_REQUIRED_FLOW_FRACTION BY_STORAGE&apos;&#x000D;&#x000A;&apos;RESERVOIR_RELEASE_REQUIRED_FLOW_FRACTION BY_USABLE_STORAGE&apos;&#x000D;&#x000A;&#x000D;&#x000A;RESERVOIR_RELEASE_REQ_FLOW_FRACTION&#x000D;&#x000A;&apos;RESERVOIR_RELEASE_REQ_FLOW_FRACTION EVEN_SPLIT&apos;&#x000D;&#x000A;&apos;RESERVOIR_RELEASE_REQ_FLOW_FRACTION EVEN&apos;&#x000D;&#x000A;&apos;RESERVOIR_RELEASE_REQ_FLOW_FRACTION BY_POTENTIAL_RELEASE&apos;&#x000D;&#x000A;&apos;RESERVOIR_RELEASE_REQ_FLOW_FRACTION BY_STORAGE&apos;&#x000D;&#x000A;&apos;RESERVOIR_RELEASE_REQ_FLOW_FRACTION BY_USABLE_STORAGE&apos;&#x000D;&#x000A;&#x000D;&#x000A;RESERVOIR_SFR_INFLOW_SEGMENT&#x000D;&#x000A;SFR_INFLOW_SEGMENT&#x000D;&#x000A;&#x000D;&#x000A;MINIMUM_PROJECT_DIVERSION_ORDER&#x000D;&#x000A;MINIMUM_BENEFICIARY_DELIVERY_ORDER&#x000D;&#x000A;ALLOCATION_DATE&#x000D;&#x000A;AUXILARY_DEMAND&#x000D;&#x000A;AUXILARY_AREA&#x000D;&#x000A;DEFINE_SWO_VARIABLE&#x000D;&#x000A;DEFINE_SWO_VARIABLES&#x000D;&#x000A;&#x000D;&#x000A;CLOSEOUT_COMMANDS&#x000D;&#x000A;DECISION_RULZ&#x000D;&#x000A;RULE&#x000D;&#x000A;RULES&#x000D;&#x000A;RULZ&#x000D;&#x000A;&apos;DECISION_RULZ STRESS_PERIOD&apos;&#x000D;&#x000A;&apos;DECISION_RULE STRESS_PERIOD&apos;&#x000D;&#x000A;&apos;DECISION_RULES STRESS_PERIOD&apos;&#x000D;&#x000A;&apos;RULE STRESS_PERIOD&apos;&#x000D;&#x000A;&apos;RULES STRESS_PERIOD&apos;&#x000D;&#x000A;&apos;RULZ STRESS_PERIOD&apos;&#x000D;&#x000A;&apos;DECISION_RULZ TIME_STEP&apos;&#x000D;&#x000A;&apos;DECISION_RULE TIME_STEP&apos;&#x000D;&#x000A;&apos;DECISION_RULES TIME_STEP&apos;&#x000D;&#x000A;&apos;RULE TIME_STEP&apos;&#x000D;&#x000A;&apos;RULES TIME_STEP&apos;&#x000D;&#x000A;&apos;RULZ TIME_STEP&apos;&#x000D;&#x000A;&apos;DECISION_RULZ TIME_STEP_END&apos;&#x000D;&#x000A;&apos;DECISION_RULE TIME_STEP_END&apos;&#x000D;&#x000A;&apos;DECISION_RULES TIME_STEP_END&apos;&#x000D;&#x000A;&apos;RULE TIME_STEP_END&apos;&#x000D;&#x000A;&apos;RULES TIME_STEP_END&apos;&#x000D;&#x000A;&apos;RULZ TIME_STEP_END&apos;&#x000D;&#x000A;&apos;DECISION_RULZ ITERATION&apos;&#x000D;&#x000A;&apos;DECISION_RULE ITERATION&apos;&#x000D;&#x000A;&apos;DECISION_RULES ITERATION&apos;&#x000D;&#x000A;&apos;RULE ITERATION&apos;&#x000D;&#x000A;&apos;RULES ITERATION&apos;&#x000D;&#x000A;&apos;RULZ ITERATION&apos;&#x000D;&#x000A;&#x000D;&#x000A;STARTING_STRESS_PERIOD&#x000D;&#x000A;RESERVOIR_OPERATION_START&#x000D;&#x000A;OPERATION_START&#x000D;&#x000A;RESERVOIR_OPERATIONS_START&#x000D;&#x000A;OPERATIONS_START&#x000D;&#x000A;&#x000D;&#x000A;&apos;STARTING_STRESS_PERIOD STRESS_PERIOD&apos;&#x000D;&#x000A;&apos;RESERVOIR_OPERATION_START STRESS_PERIOD&apos;&#x000D;&#x000A;&apos;OPERATION_START STRESS_PERIOD&apos;&#x000D;&#x000A;&apos;RESERVOIR_OPERATIONS_START STRESS_PERIOD&apos;&#x000D;&#x000A;&apos;OPERATIONS_START STRESS_PERIOD&apos;&#x000D;&#x000A;&#x000D;&#x000A;&apos;STARTING_STRESS_PERIOD DATE&apos;&#x000D;&#x000A;&apos;RESERVOIR_OPERATION_START DATE&apos;&#x000D;&#x000A;&apos;OPERATION_START DATE&apos;&#x000D;&#x000A;&apos;RESERVOIR_OPERATIONS_START DATE&apos;&#x000D;&#x000A;&apos;OPERATIONS_START DATE&apos;&#x000D;&#x000A;&#x000D;&#x000A;NRD_INFILTRATION_LOCATION&#x000D;&#x000A;NON_ROUTED_DELIVERY&#x000D;&#x000A;RETURN_FLOW_CHOICES&#x000D;&#x000A;SEMI_ROUTED_DELIVERY&#x000D;&#x000A;SEMI_ROUTED_DELIVERY_LOWER_LIMIT&#x000D;&#x000A;SEMI_ROUTED_DELIVERY_UPPER_LIMIT&#x000D;&#x000A;SEMI_ROUTED_DELIVERY_CLOSURE_TOLERANCE&#x000D;&#x000A;SEMI_ROUTED_RETURN&#x000D;&#x000A;ROUTED_DELIVERY_UPPER_DIVERSION&#x000D;&#x000A;ROUTED_DELIVERY_UPPER_REACH&#x000D;&#x000A;ROUTED_RETURN_ANY_NON_DIVERSION_REACH&#x000D;&#x000A;ROUTED_RETURN_ANY_REACH&#x000D;&#x000A;&apos;PRINT SFR_DELIVERY&apos;&#x000D;&#x000A;&apos;PRINT SFR_DELIVERY_BY_WBS&apos;&#x000D;&#x000A;&apos;PRINT SFR_RETURN&apos;&#x000D;&#x000A;&apos;PRINT SFR_SRR_ONLY&apos;&#x000D;&#x000A;&#x000D;&#x000A;FARM_NET_RECHARGE_CBC&#x000D;&#x000A;FARM_WELL_CBC&#x000D;&#x000A;FARM_WELL_SUMMARY&#x000D;&#x000A;FARM_NET_RECHARGE_ARRAY&#x000D;&#x000A;FARM_NET_RECHARGE_LIST&#x000D;&#x000A;FARM_DEMAND_SUPPLY_SUMMARY&#x000D;&#x000A;FARM_BUDGET_COMPACT&#x000D;&#x000A;FARM_BUDGET&#x000D;&#x000A;&apos;EVAPOTRANSPIRATION_SUMMARY SUM&apos;&#x000D;&#x000A;&apos;EVAPOTRANSPIRATION_SUMMARY SEPARATE&apos;&#x000D;&#x000A;EVAPOTRANSPIRATION_LIST&#x000D;&#x000A;ROUTING_INFORMATION&#x000D;&#x000A;ET_LIST&#x000D;&#x000A;&apos;ET_ARRAY SUM&apos;&#x000D;&#x000A;&apos;ET_ARRAY SEPARATE&apos;&#x000D;&#x000A;&apos;EVAPOTRANSPIRATION_SUMMARY SUM&apos;&#x000D;&#x000A;&apos;EVAPOTRANSPIRATION_SUMMARY SEPARATE&apos;&#x000D;&#x000A;FB_DETAILS&#x000D;&#x000A;FB_DETAIL&#x000D;&#x000A;FB_COMPACT&#x000D;&#x000A;FDS&#x000D;&#x000A;FNRCH_LIST&#x000D;&#x000A;FNRCH_ARRAY&#x000D;&#x000A;FWELLS&#x000D;&#x000A;GROUNDWATER_EVAPORATION&#x000D;&#x000A;GROUNDWATER_TRANSPIRATION&#x000D;&#x000A;GROUNDWATER_EVAPOTRANSPIRATION&#x000D;&#x000A;IRRIGATION_EVAPORATION&#x000D;&#x000A;IRRIGATION_TRANSPIRATION&#x000D;&#x000A;IRRIGATION_EVAPOTRANSPIRATION&#x000D;&#x000A;PRECIPITATION_EVAPORATION&#x000D;&#x000A;PRECIPITATION_TRANSPIRATION&#x000D;&#x000A;PRECIPITATION_EVAPOTRANSPIRATION&#x000D;&#x000A;LANDSCAPE_RUNOFF&#x000D;&#x000A;DEEP_PERCOLATION&#x000D;&#x000A;INFILTRATION&#x000D;&#x000A;&#x000D;&#x000A;EXPRESSION_LINE_LENGTH&#x000D;&#x000A;CROP_MAX_LEACHING_REQUIREMENT&#x000D;&#x000A;CROP_LEACHING_REQUIREMENT&#x000D;&#x000A;CROP_SALINITY_APPLIED_WATER&#x000D;&#x000A;CROP_SALINITY_TOLERANCE&#x000D;&#x000A;&#x000D;&#x000A;WBS_SUPPLY_SALT_CONCENTRATION&#x000D;&#x000A;CROP_HAS_SALINITY_DEMAND&#x000D;&#x000A;WBS_IRRIGATION_UNIFORMITY&#x000D;&#x000A;EXPRESSION_VARIABLE_NEARZERO&#x000D;&#x000A;&#x000D;&#x000A;WBS_WATER_USE</Keywords>
            <Keywords name="Keywords4">OPEN/CLOSE&#x000D;&#x000A;DATAUNIT&#x000D;&#x000A;DATAFILE&#x000D;&#x000A;INTERNAL&#x000D;&#x000A;EXTERNAL&#x000D;&#x000A;STATIC&#x000D;&#x000A;TRANSIENT&#x000D;&#x000A;ARRAY&#x000D;&#x000A;LIST&#x000D;&#x000A;CONSTANT&#x000D;&#x000A;&#x000D;&#x000A;TIME_SERIES_FILE&#x000D;&#x000A;TIME_SERIES_FILES&#x000D;&#x000A;TIME_SERIES&#x000D;&#x000A;&#x000D;&#x000A;INT&#x000D;&#x000A;FLOAT&#x000D;&#x000A;CHAR&#x000D;&#x000A;IF&#x000D;&#x000A;LAI&#x000D;&#x000A;ULOAD&#x000D;&#x000A;SF&#x000D;&#x000A;&#x000D;&#x000A;SFAC&#x000D;&#x000A;&apos;SFAC AREA&apos;&#x000D;&#x000A;&apos;SFAC CAPACITY&apos;&#x000D;&#x000A;&apos;SFAC STORAGE&apos;&#x000D;&#x000A;&apos;SFAC ELEVATION&apos;&#x000D;&#x000A;&apos;SFAC DISCHARGE&apos;&#x000D;&#x000A;&#x000D;&#x000A;INPUT&#x000D;&#x000A;BYWELL&#x000D;&#x000A;BYFARM&#x000D;&#x000A;BYCROP&#x000D;&#x000A;BY_CROP&#x000D;&#x000A;BY_IRRIGATION&#x000D;&#x000A;BYIRRIGATION&#x000D;&#x000A;BY_IRRIGATE&#x000D;&#x000A;BYIRRIGATE&#x000D;&#x000A;ALL_DETAIL&#x000D;&#x000A;BARE&#x000D;&#x000A;ByQMAX&#x000D;&#x000A;ByAverage&#x000D;&#x000A;ByDEMAND&#x000D;&#x000A;ByCapacity&#x000D;&#x000A;ByCap&#x000D;&#x000A;ByAve&#x000D;&#x000A;ByFRACTION&#x000D;&#x000A;ByTHICK&#x000D;&#x000A;BYFARM_BYCROP&#x000D;&#x000A;BYFARMCROP&#x000D;&#x000A;BYFARMBYCROP&#x000D;&#x000A;ByWBS&#x000D;&#x000A;ByLayer&#x000D;&#x000A;BY_VOLUME&#x000D;&#x000A;BY_STAGE&#x000D;&#x000A;BY_ELEV&#x000D;&#x000A;BY_ELEVATION&#x000D;&#x000A;BY_COND&#x000D;&#x000A;BY_COUNT&#x000D;&#x000A;BY_TOP&#x000D;&#x000A;&#x000D;&#x000A;SMOOTHING&#x000D;&#x000A;BUFFER&#x000D;&#x000A;SPLIT&#x000D;&#x000A;&#x000D;&#x000A;ByDEMAND&#x000D;&#x000A;ByAVERAGE&#x000D;&#x000A;ALL&#x000D;&#x000A;&#x000D;&#x000A;XY&#x000D;&#x000A;ELEVATION&#x000D;&#x000A;DEPTH&#x000D;&#x000A;&#x000D;&#x000A;SILTYCLAY&#x000D;&#x000A;SILT &#x000D;&#x000A;SANDYLOAM&#x000D;&#x000A;SAND &#x000D;&#x000A;&#x000D;&#x000A;&#x000D;&#x000A;VOLUME&#x000D;&#x000A;LENGTH&#x000D;&#x000A;FLUX&#x000D;&#x000A;HEIGHT&#x000D;&#x000A;RATE&#x000D;&#x000A;&#x000D;&#x000A;RHOADES&#x000D;&#x000A;SKIP&#x000D;&#x000A;NONE&#x000D;&#x000A;&#x000D;&#x000A;NEAREST&#x000D;&#x000A;STEP_FUNCTION&#x000D;&#x000A;TIME_MEAN&#x000D;&#x000A;NEXT_VALUE&#x000D;&#x000A;INTERPOLATE&#x000D;&#x000A;&#x000D;&#x000A;REALTIME&#x000D;&#x000A;SIMTIME&#x000D;&#x000A;&#x000D;&#x000A;DATE&#x000D;&#x000A;STRESS_PERIOD&#x000D;&#x000A;TIME_STEP&#x000D;&#x000A;ITERATION&#x000D;&#x000A;&#x000D;&#x000A;DIM&#x000D;&#x000A;DIMENSION&#x000D;&#x000A;&#x000D;&#x000A;CLOSEOUT&#x000D;&#x000A;BY_IRRIGATED_AREA&#x000D;&#x000A;S_LANGUAGE&#x000D;&#x000A;EVEN_SPLIT&#x000D;&#x000A;BY_POTENTIAL_RELEASE&#x000D;&#x000A;BY_AVAILABLE_RELEASE&#x000D;&#x000A;BY_STORAGE&#x000D;&#x000A;BY_USABLE_STORAGE&#x000D;&#x000A;&#x000D;&#x000A;COMPACT</Keywords>
            <Keywords name="Keywords5">GENERIC_OUTPUT&#x000D;&#x000A;GENERIC_INPUT&#x000D;&#x000A;GENERIC_OUTPUT_OptKey&#x000D;&#x000A;GENERIC_INPUT_OptKey</Keywords>
            <Keywords name="Keywords6"></Keywords>
            <Keywords name="Keywords7">&quot;Scott Boyce&quot;&#x000D;&#x000A;Scott</Keywords>
            <Keywords name="Keywords8"></Keywords>
            <Keywords name="Delimiters">00 01 02 03 04 05 06 07 08 09 10 11 12 13 14 15 16 17 18 19 20 21 22 23</Keywords>
        </KeywordLists>
        <Styles>
            <WordsStyle name="DEFAULT" fgColor="000000" bgColor="FFFFFF" fontName="Consolas" fontStyle="0" fontSize="11" nesting="0" />
            <WordsStyle name="COMMENTS" fgColor="000000" bgColor="FFFFFF" fontName="" fontStyle="0" fontSize="11" nesting="0" />
            <WordsStyle name="LINE COMMENTS" fgColor="808080" bgColor="FFFFFF" fontName="Courier New" fontStyle="0" fontSize="11" nesting="0" />
            <WordsStyle name="NUMBERS" fgColor="000000" bgColor="FFFFFF" fontName="Consolas" fontStyle="1" fontSize="11" nesting="0" />
            <WordsStyle name="KEYWORDS1" fgColor="008000" bgColor="FFFFFF" fontName="Verdana" fontStyle="1" fontSize="11" nesting="0" />
            <WordsStyle name="KEYWORDS2" fgColor="FF0000" bgColor="FFFFFF" fontName="Consolas" fontStyle="1" fontSize="11" nesting="0" />
            <WordsStyle name="KEYWORDS3" fgColor="0000FF" bgColor="FFFFFF" fontName="Consolas" fontStyle="1" fontSize="11" nesting="0" />
            <WordsStyle name="KEYWORDS4" fgColor="000000" bgColor="FFFFFF" fontName="Consolas" fontStyle="1" fontSize="11" nesting="0" />
            <WordsStyle name="KEYWORDS5" fgColor="000000" bgColor="FFFFFF" fontName="Consolas" fontStyle="0" fontSize="11" nesting="0" />
            <WordsStyle name="KEYWORDS6" fgColor="000000" bgColor="FFFFFF" fontName="" fontStyle="0" fontSize="11" nesting="0" />
            <WordsStyle name="KEYWORDS7" fgColor="400080" bgColor="FFFFFF" fontName="Verdana" fontStyle="1" fontSize="11" nesting="0" />
            <WordsStyle name="KEYWORDS8" fgColor="008000" bgColor="FFFFFF" fontName="Verdana" fontStyle="1" fontSize="11" nesting="0" />
            <WordsStyle name="OPERATORS" fgColor="000000" bgColor="FFFFFF" fontName="Consolas" fontStyle="0" fontSize="11" nesting="0" />
            <WordsStyle name="FOLDER IN CODE1" fgColor="008000" bgColor="FFFFFF" fontName="Verdana" fontStyle="1" fontSize="11" nesting="0" />
            <WordsStyle name="FOLDER IN CODE2" fgColor="008000" bgColor="FFFFFF" fontName="Verdana" fontStyle="1" fontSize="11" nesting="0" />
            <WordsStyle name="FOLDER IN COMMENT" fgColor="000000" bgColor="FFFFFF" fontName="" fontStyle="0" fontSize="11" nesting="0" />
            <WordsStyle name="DELIMITERS1" fgColor="000000" bgColor="FFFFFF" fontName="Consolas" fontStyle="1" fontSize="11" nesting="0" />
            <WordsStyle name="DELIMITERS2" fgColor="000000" bgColor="FFFFFF" fontName="" fontStyle="0" fontSize="11" nesting="0" />
            <WordsStyle name="DELIMITERS3" fgColor="000000" bgColor="FFFFFF" fontName="" fontStyle="0" nesting="0" />
            <WordsStyle name="DELIMITERS4" fgColor="000000" bgColor="FFFFFF" fontName="" fontStyle="0" nesting="0" />
            <WordsStyle name="DELIMITERS5" fgColor="000000" bgColor="FFFFFF" fontName="" fontStyle="0" nesting="0" />
            <WordsStyle name="DELIMITERS6" fgColor="000000" bgColor="FFFFFF" fontName="" fontStyle="0" nesting="0" />
            <WordsStyle name="DELIMITERS7" fgColor="000000" bgColor="FFFFFF" fontName="" fontStyle="0" nesting="0" />
            <WordsStyle name="DELIMITERS8" fgColor="000000" bgColor="FFFFFF" fontName="" fontStyle="0" nesting="0" />
        </Styles>
    </UserLang>
</NotepadPlus>
