<NotepadPlus>
    <UserLang name="TFR" ext="tfr" udlVersion="2.1">
        <Settings>
            <Global caseIgnored="yes" allowFoldOfComments="no" foldCompact="no" forcePureLC="0" decimalSeparator="0" />
            <Prefix Keywords1="no" Keywords2="no" Keywords3="no" Keywords4="no" Keywords5="no" Keywords6="no" Keywords7="no" Keywords8="no" />
        </Settings>
        <KeywordLists>
            <Keywords name="Comments">00# 01 02 03 04</Keywords>
            <Keywords name="Numbers, prefix1"></Keywords>
            <Keywords name="Numbers, prefix2"></Keywords>
            <Keywords name="Numbers, extras1"></Keywords>
            <Keywords name="Numbers, extras2"></Keywords>
            <Keywords name="Numbers, suffix1">.</Keywords>
            <Keywords name="Numbers, suffix2"></Keywords>
            <Keywords name="Numbers, range">D+ D- D E+ E- E</Keywords>
            <Keywords name="Operators1">[ ] { } ,</Keywords>
            <Keywords name="Operators2"></Keywords>
            <Keywords name="Folders in code1, open"></Keywords>
            <Keywords name="Folders in code1, middle"></Keywords>
            <Keywords name="Folders in code1, close"></Keywords>
            <Keywords name="Folders in code2, open"></Keywords>
            <Keywords name="Folders in code2, middle"></Keywords>
            <Keywords name="Folders in code2, close"></Keywords>
            <Keywords name="Folders in comment, open"></Keywords>
            <Keywords name="Folders in comment, middle"></Keywords>
            <Keywords name="Folders in comment, close"></Keywords>
            <Keywords name="Keywords1"></Keywords>
            <Keywords name="Keywords2"></Keywords>
            <Keywords name="Keywords3"></Keywords>
            <Keywords name="Keywords4">CONSTANT&#x000D;&#x000A;INTERNAL&#x000D;&#x000A;OPEN/CLOSE&#x000D;&#x000A;EXTERNAL&#x000D;&#x000A;DATAUNIT&#x000D;&#x000A;DATAFILE&#x000D;&#x000A;REPEAT&#x000D;&#x000A;RELOAD&#x000D;&#x000A;LOAD_NEXT&#x000D;&#x000A;SKIP&#x000D;&#x000A;&#x000D;&#x000A;SFAC&#x000D;&#x000A;INT&#x000D;&#x000A;FLOAT&#x000D;&#x000A;CHAR&#x000D;&#x000A;LAI&#x000D;&#x000A;ULOAD&#x000D;&#x000A;SF&#x000D;&#x000A;&#x000D;&#x000A;SFAC&#x000D;&#x000A;&apos;SFAC ByWBS&#x000D;&#x000A;&apos;SFAC ByCrop&apos;&#x000D;&#x000A;&apos;SFAC ByIrrigate&apos;&#x000D;&#x000A;&apos;SFAC BySoil&apos;&#x000D;&#x000A;&apos;SFAC BySource&apos;&#x000D;&#x000A;&apos;SFAC ByNRD&apos;&#x000D;&#x000A;&#x000D;&#x000A;BUFFER&#x000D;&#x000A;&#x000D;&#x000A;DIM&#x000D;&#x000A;DIMENSION</Keywords>
            <Keywords name="Keywords5">GENERIC_OUTPUT&#x000D;&#x000A;GENERIC_INPUT&#x000D;&#x000A;GENERIC_OUTPUT_OptKey&#x000D;&#x000A;GENERIC_INPUT_OptKey</Keywords>
            <Keywords name="Keywords6"></Keywords>
            <Keywords name="Keywords7">&quot;Scott Boyce&quot;&#x000D;&#x000A;Scott</Keywords>
            <Keywords name="Keywords8"></Keywords>
            <Keywords name="Delimiters">00 01 02 03 04 05 06 07 08 09 10 11 12 13 14 15 16 17 18 19 20 21 22 23</Keywords>
        </KeywordLists>
        <Styles>
            <WordsStyle name="DEFAULT" fgColor="000000" bgColor="FFFFFF" fontName="Consolas" fontStyle="0" fontSize="11" nesting="0" />
            <WordsStyle name="COMMENTS" fgColor="000000" bgColor="FFFFFF" fontName="" fontStyle="0" fontSize="11" nesting="0" />
            <WordsStyle name="LINE COMMENTS" fgColor="808080" bgColor="FFFFFF" fontName="Consolas" fontStyle="0" fontSize="11" nesting="0" />
            <WordsStyle name="NUMBERS" fgColor="000000" bgColor="FFFFFF" fontName="Consolas" fontStyle="1" fontSize="11" nesting="0" />
            <WordsStyle name="KEYWORDS1" fgColor="008000" bgColor="FFFFFF" fontName="Backup" fontStyle="1" fontSize="11" nesting="0" />
            <WordsStyle name="KEYWORDS2" fgColor="FF0000" bgColor="FFFFFF" fontName="Consolas" fontStyle="1" fontSize="11" nesting="0" />
            <WordsStyle name="KEYWORDS3" fgColor="0000FF" bgColor="FFFFFF" fontName="Consolas" fontStyle="1" fontSize="11" nesting="0" />
            <WordsStyle name="KEYWORDS4" fgColor="000000" bgColor="FFFFFF" fontName="Consolas" fontStyle="1" fontSize="11" nesting="0" />
            <WordsStyle name="KEYWORDS5" fgColor="000000" bgColor="FFFFFF" fontName="Consolas" fontStyle="0" fontSize="11" nesting="0" />
            <WordsStyle name="KEYWORDS6" fgColor="000000" bgColor="FFFFFF" fontName="0" fontStyle="0" fontSize="11" nesting="0" />
            <WordsStyle name="KEYWORDS7" fgColor="400080" bgColor="FFFFFF" fontName="no" fontStyle="1" fontSize="11" nesting="0" />
            <WordsStyle name="KEYWORDS8" fgColor="008000" bgColor="FFFFFF" fontName="0" fontStyle="1" fontSize="11" nesting="0" />
            <WordsStyle name="OPERATORS" fgColor="000000" bgColor="FFFFFF" fontName="Consolas" fontStyle="0" fontSize="11" nesting="0" />
            <WordsStyle name="FOLDER IN CODE1" fgColor="008000" bgColor="FFFFFF" fontName="hide" fontStyle="1" fontSize="11" nesting="0" />
            <WordsStyle name="FOLDER IN CODE2" fgColor="008000" bgColor="FFFFFF" fontName="no" fontStyle="1" fontSize="11" nesting="0" />
            <WordsStyle name="FOLDER IN COMMENT" fgColor="000000" bgColor="FFFFFF" fontName="80" fontStyle="0" fontSize="11" nesting="0" />
            <WordsStyle name="DELIMITERS1" fgColor="000000" bgColor="FFFFFF" fontName="Consolas" fontStyle="1" fontSize="11" nesting="0" />
            <WordsStyle name="DELIMITERS2" fgColor="000000" bgColor="FFFFFF" fontName="" fontStyle="0" fontSize="11" nesting="0" />
            <WordsStyle name="DELIMITERS3" fgColor="000000" bgColor="FFFFFF" fontName="200" fontStyle="0" nesting="0" />
            <WordsStyle name="DELIMITERS4" fgColor="000000" bgColor="FFFFFF" fontName="" fontStyle="0" nesting="0" />
            <WordsStyle name="DELIMITERS5" fgColor="000000" bgColor="FFFFFF" fontName="" fontStyle="0" nesting="0" />
            <WordsStyle name="DELIMITERS6" fgColor="000000" bgColor="FFFFFF" fontName="*.*" fontStyle="0" nesting="0" />
            <WordsStyle name="DELIMITERS7" fgColor="000000" bgColor="FFFFFF" fontName="2" fontStyle="0" nesting="0" />
            <WordsStyle name="DELIMITERS8" fgColor="000000" bgColor="FFFFFF" fontName="200" fontStyle="0" nesting="0" />
        </Styles>
    </UserLang>
</NotepadPlus>
